_id,name,factorIds,createdAt,archivedAt
fMoAYR5CYYindApoH,startFromBeginning_1,"LCPL67GcDLnC7kpX4,zAoBH7r4FvddSqPJc,gegSoYkW2EMiMDGqk,SgQu4ZKB8wBKxc8rr,5NXf5RJgeqcY6Lfqt",2023-03-30T17:01:06Z,2022-11-17T02:12:11Z
zG8LEP5aLSHQjBG3L,startFromPretest_2,"LCPL67GcDLnC7kpX4,gegSoYkW2EMiMDGqk,zAoBH7r4FvddSqPJc,3wAha2KRzPGrBAhYk,Qfw768iYTtcmJRtzL",2023-03-30T17:01:06Z,2022-11-17T02:12:11Z
6ywcSiGbDDt9iGmNm,startFromBeginning_2,"LCPL67GcDLnC7kpX4,gegSoYkW2EMiMDGqk,zAoBH7r4FvddSqPJc,3wAha2KRzPGrBAhYk,5NXf5RJgeqcY6Lfqt",2023-03-30T17:01:06Z,2022-11-17T02:12:12Z
hqLHZmHDpXNcp2tyM,startFromBeginning_3,"LCPL67GcDLnC7kpX4,gegSoYkW2EMiMDGqk,zAoBH7r4FvddSqPJc,xSDGsfwZGL2KiST2E,5NXf5RJgeqcY6Lfqt",2023-03-30T17:01:06Z,2022-11-17T02:12:12Z
s5mzYCFYgc5Tj3J59,startFromBeginning_4,"LCPL67GcDLnC7kpX4,gegSoYkW2EMiMDGqk,zAoBH7r4FvddSqPJc,Hnh4QcSTar73rpD5p,DcXTte9mF84LMHsXt",2023-03-30T17:01:06Z,2022-11-17T02:12:12Z
xXtPjfKHyqHzJqZtn,startFromPretest_1,"LCPL67GcDLnC7kpX4,gegSoYkW2EMiMDGqk,zAoBH7r4FvddSqPJc,SgQu4ZKB8wBKxc8rr,Qfw768iYTtcmJRtzL",2023-03-30T17:01:06Z,2022-11-17T02:12:13Z
a8wf45iLqiZa3ekYn,startFromPretest_3,"LCPL67GcDLnC7kpX4,gegSoYkW2EMiMDGqk,zAoBH7r4FvddSqPJc,xSDGsfwZGL2KiST2E,Qfw768iYTtcmJRtzL",2023-03-30T17:01:06Z,2022-11-17T02:12:13Z
dcE3o6E6KFNBZ4uLi,startFromBeginning_sessid1,"LCPL67GcDLnC7kpX4,gegSoYkW2EMiMDGqk,zAoBH7r4FvddSqPJc,PhWBYRyqGv7hpZbKm,SgQu4ZKB8wBKxc8rr,5NXf5RJgeqcY6Lfqt",2023-03-30T17:01:06Z,2023-04-15T22:21:29Z
miYKpM9grT8NYZpWu,startFromBeginning_sessid2,"LCPL67GcDLnC7kpX4,gegSoYkW2EMiMDGqk,zAoBH7r4FvddSqPJc,PhWBYRyqGv7hpZbKm,3wAha2KRzPGrBAhYk,5NXf5RJgeqcY6Lfqt",2023-03-30T17:01:06Z,2023-04-15T22:21:29Z
Xn7NeqLAqwocoFziX,startFromBeginning_sessid3,"LCPL67GcDLnC7kpX4,gegSoYkW2EMiMDGqk,zAoBH7r4FvddSqPJc,PhWBYRyqGv7hpZbKm,xSDGsfwZGL2KiST2E,5NXf5RJgeqcY6Lfqt",2023-03-30T17:01:06Z,2023-04-15T22:21:30Z
nNLNh8D4h7joit9yE,startFromBeginning_sessid4,"LCPL67GcDLnC7kpX4,gegSoYkW2EMiMDGqk,zAoBH7r4FvddSqPJc,PhWBYRyqGv7hpZbKm,Hnh4QcSTar73rpD5p,5NXf5RJgeqcY6Lfqt",2023-03-30T17:01:07Z,2023-04-15T22:21:31Z
8fBPBQHKzykACFXzA,startFromPretest_sessid1,"LCPL67GcDLnC7kpX4,gegSoYkW2EMiMDGqk,zAoBH7r4FvddSqPJc,PhWBYRyqGv7hpZbKm,SgQu4ZKB8wBKxc8rr,Qfw768iYTtcmJRtzL",2023-03-30T17:01:07Z,2023-04-13T16:13:42Z
cYE3JdYpkCXzvGyTp,startFromPretest_sessid2,"LCPL67GcDLnC7kpX4,gegSoYkW2EMiMDGqk,zAoBH7r4FvddSqPJc,PhWBYRyqGv7hpZbKm,3wAha2KRzPGrBAhYk,Qfw768iYTtcmJRtzL",2023-03-30T17:01:07Z,2023-04-13T16:13:43Z
gye6KH9MNdD2ennNG,startFromPretest_sessid3,"LCPL67GcDLnC7kpX4,gegSoYkW2EMiMDGqk,zAoBH7r4FvddSqPJc,PhWBYRyqGv7hpZbKm,xSDGsfwZGL2KiST2E,Qfw768iYTtcmJRtzL",2023-03-30T17:01:07Z,2023-04-13T16:13:43Z
XzZDP5yXYXcaxqTkA,startFromPretest_sessid4,"LCPL67GcDLnC7kpX4,gegSoYkW2EMiMDGqk,zAoBH7r4FvddSqPJc,PhWBYRyqGv7hpZbKm,Hnh4QcSTar73rpD5p,Qfw768iYTtcmJRtzL",2023-03-30T17:01:07Z,2023-04-13T16:13:43Z
AKxHFkxqgMd6N6pq2,startFromRep1_sessid1,"LCPL67GcDLnC7kpX4,gegSoYkW2EMiMDGqk,zAoBH7r4FvddSqPJc,PhWBYRyqGv7hpZbKm,SgQu4ZKB8wBKxc8rr,8f9j3a7kGpsEbzXti",2023-03-30T17:01:07Z,2023-04-13T16:13:43Z
8itwWFiA7bsH8kBy4,startFromRep1_sessid2,"LCPL67GcDLnC7kpX4,gegSoYkW2EMiMDGqk,zAoBH7r4FvddSqPJc,PhWBYRyqGv7hpZbKm,3wAha2KRzPGrBAhYk,8f9j3a7kGpsEbzXti",2023-03-30T17:01:07Z,2023-04-13T16:13:43Z
9mjs4jMdNFqbTzsvL,startFromRep1_sessid3,"LCPL67GcDLnC7kpX4,gegSoYkW2EMiMDGqk,zAoBH7r4FvddSqPJc,PhWBYRyqGv7hpZbKm,xSDGsfwZGL2KiST2E,8f9j3a7kGpsEbzXti",2023-03-30T17:01:07Z,2023-04-13T16:13:44Z
ciisx4mNujk2Z2WKa,startFromRep1_sessid4,"LCPL67GcDLnC7kpX4,gegSoYkW2EMiMDGqk,zAoBH7r4FvddSqPJc,PhWBYRyqGv7hpZbKm,Hnh4QcSTar73rpD5p,8f9j3a7kGpsEbzXti",2023-03-30T17:01:07Z,2023-04-13T16:13:44Z
vkKiHJE2o5L3Cvmvc,startFromRep2_sessid1,"LCPL67GcDLnC7kpX4,gegSoYkW2EMiMDGqk,zAoBH7r4FvddSqPJc,PhWBYRyqGv7hpZbKm,SgQu4ZKB8wBKxc8rr,DcXTte9mF84LMHsXt",2023-03-30T17:01:07Z,2023-04-13T16:13:44Z
zSFBffmCQCvmPDqym,startFromRep2_sessid2,"LCPL67GcDLnC7kpX4,gegSoYkW2EMiMDGqk,zAoBH7r4FvddSqPJc,PhWBYRyqGv7hpZbKm,3wAha2KRzPGrBAhYk,DcXTte9mF84LMHsXt",2023-03-30T17:01:07Z,2023-04-13T16:13:44Z
tK3rqyB3vvBfNjSaL,startFromRep2_sessid3,"LCPL67GcDLnC7kpX4,gegSoYkW2EMiMDGqk,zAoBH7r4FvddSqPJc,PhWBYRyqGv7hpZbKm,xSDGsfwZGL2KiST2E,DcXTte9mF84LMHsXt",2023-03-30T17:01:07Z,2023-04-13T16:13:44Z
uWNggBhC6jEBvBaAM,startFromRep2_sessid4,"LCPL67GcDLnC7kpX4,gegSoYkW2EMiMDGqk,zAoBH7r4FvddSqPJc,PhWBYRyqGv7hpZbKm,Hnh4QcSTar73rpD5p,DcXTte9mF84LMHsXt",2023-03-30T17:01:07Z,2023-04-13T16:13:45Z
EMMCskgFq9WdHCmq2,startFromRep3_sessid1,"LCPL67GcDLnC7kpX4,gegSoYkW2EMiMDGqk,zAoBH7r4FvddSqPJc,PhWBYRyqGv7hpZbKm,SgQu4ZKB8wBKxc8rr,EQLbYPSuTK5b22rao",2023-03-30T17:01:07Z,2023-04-13T16:13:45Z
f44D97XvQEkGJTQ7G,startFromRep3_sessid2,"LCPL67GcDLnC7kpX4,gegSoYkW2EMiMDGqk,zAoBH7r4FvddSqPJc,PhWBYRyqGv7hpZbKm,3wAha2KRzPGrBAhYk,EQLbYPSuTK5b22rao",2023-03-30T17:01:07Z,2023-04-13T16:13:45Z
7bufvHMzWuGtghk5e,startFromRep3_sessid3,"LCPL67GcDLnC7kpX4,gegSoYkW2EMiMDGqk,zAoBH7r4FvddSqPJc,PhWBYRyqGv7hpZbKm,xSDGsfwZGL2KiST2E,EQLbYPSuTK5b22rao",2023-03-30T17:01:07Z,2023-04-13T16:13:45Z
KsAwwNfmDAhGj5D7s,startFromRep3_sessid4,"LCPL67GcDLnC7kpX4,gegSoYkW2EMiMDGqk,zAoBH7r4FvddSqPJc,PhWBYRyqGv7hpZbKm,Hnh4QcSTar73rpD5p,EQLbYPSuTK5b22rao",2023-03-30T17:01:07Z,2023-04-13T16:13:45Z
NYMf8doX7HJGFbBCA,startFromRep4_sessid1,"LCPL67GcDLnC7kpX4,gegSoYkW2EMiMDGqk,zAoBH7r4FvddSqPJc,PhWBYRyqGv7hpZbKm,SgQu4ZKB8wBKxc8rr,KKFWykKTxks5HKqiH",2023-03-30T17:01:07Z,2023-04-13T16:13:45Z
CX97mWMSSWjM4CxpQ,startFromRep4_sessid2,"LCPL67GcDLnC7kpX4,gegSoYkW2EMiMDGqk,zAoBH7r4FvddSqPJc,PhWBYRyqGv7hpZbKm,3wAha2KRzPGrBAhYk,KKFWykKTxks5HKqiH",2023-03-30T17:01:07Z,2023-04-13T16:13:46Z
adjHyJEfGHKsCjTk7,startFromRep4_sessid3,"LCPL67GcDLnC7kpX4,gegSoYkW2EMiMDGqk,zAoBH7r4FvddSqPJc,PhWBYRyqGv7hpZbKm,xSDGsfwZGL2KiST2E,KKFWykKTxks5HKqiH",2023-03-30T17:01:07Z,2023-04-13T16:13:46Z
uqTxbHnq27W9hcqYd,startFromRep4_sessid4,"LCPL67GcDLnC7kpX4,gegSoYkW2EMiMDGqk,zAoBH7r4FvddSqPJc,PhWBYRyqGv7hpZbKm,Hnh4QcSTar73rpD5p,KKFWykKTxks5HKqiH",2023-03-30T17:01:07Z,2023-04-13T16:13:46Z
J3zDDr6vXRoh32JTp,startFromRep5_sessid1,"LCPL67GcDLnC7kpX4,gegSoYkW2EMiMDGqk,zAoBH7r4FvddSqPJc,PhWBYRyqGv7hpZbKm,SgQu4ZKB8wBKxc8rr,YGJ4X2GfHaSeXPysC",2023-03-30T17:01:07Z,2023-04-13T16:13:47Z
tYmDk8tdxBKhSm83J,startFromRep5_sessid2,"LCPL67GcDLnC7kpX4,gegSoYkW2EMiMDGqk,zAoBH7r4FvddSqPJc,PhWBYRyqGv7hpZbKm,3wAha2KRzPGrBAhYk,YGJ4X2GfHaSeXPysC",2023-03-30T17:01:07Z,2023-04-13T16:13:47Z
7nsLHc6TpivxywKJN,startFromRep5_sessid3,"LCPL67GcDLnC7kpX4,gegSoYkW2EMiMDGqk,zAoBH7r4FvddSqPJc,PhWBYRyqGv7hpZbKm,xSDGsfwZGL2KiST2E,YGJ4X2GfHaSeXPysC",2023-03-30T17:01:07Z,2023-04-13T16:13:47Z
ayNSXxGpLJMD8jBbP,startFromRep5_sessid4,"LCPL67GcDLnC7kpX4,gegSoYkW2EMiMDGqk,zAoBH7r4FvddSqPJc,PhWBYRyqGv7hpZbKm,Hnh4QcSTar73rpD5p,YGJ4X2GfHaSeXPysC",2023-03-30T17:01:07Z,2023-04-13T16:13:47Z
M6ooCQETfmsDA4Fhi,startFromRep6_sessid1,"LCPL67GcDLnC7kpX4,gegSoYkW2EMiMDGqk,zAoBH7r4FvddSqPJc,PhWBYRyqGv7hpZbKm,SgQu4ZKB8wBKxc8rr,z6pCrrGaLtXedxdKG",2023-03-30T17:01:07Z,2023-04-13T16:13:47Z
GFc53eGmxPCJ8wi4n,startFromRep6_sessid2,"LCPL67GcDLnC7kpX4,gegSoYkW2EMiMDGqk,zAoBH7r4FvddSqPJc,PhWBYRyqGv7hpZbKm,3wAha2KRzPGrBAhYk,z6pCrrGaLtXedxdKG",2023-03-30T17:01:07Z,2023-04-13T16:13:47Z
uvhYXzXoFuFyZ8gsd,startFromRep6_sessid3,"LCPL67GcDLnC7kpX4,gegSoYkW2EMiMDGqk,zAoBH7r4FvddSqPJc,PhWBYRyqGv7hpZbKm,xSDGsfwZGL2KiST2E,z6pCrrGaLtXedxdKG",2023-03-30T17:01:07Z,2023-04-13T16:13:48Z
pZg4vFB6fYTvxkYZF,startFromRep6_sessid4,"LCPL67GcDLnC7kpX4,gegSoYkW2EMiMDGqk,zAoBH7r4FvddSqPJc,PhWBYRyqGv7hpZbKm,Hnh4QcSTar73rpD5p,z6pCrrGaLtXedxdKG",2023-03-30T17:01:07Z,2023-04-13T16:13:48Z
jRfjGMZbJrCmEuH95,startFromPosttest_sessid1,"LCPL67GcDLnC7kpX4,gegSoYkW2EMiMDGqk,zAoBH7r4FvddSqPJc,PhWBYRyqGv7hpZbKm,SgQu4ZKB8wBKxc8rr,q6PsQnjCZKQa7vvsD",2023-03-30T17:01:07Z,2023-04-13T16:13:48Z
bPYvuPSEHfAtBDemq,startFromPosttest_sessid2,"LCPL67GcDLnC7kpX4,gegSoYkW2EMiMDGqk,zAoBH7r4FvddSqPJc,PhWBYRyqGv7hpZbKm,3wAha2KRzPGrBAhYk,q6PsQnjCZKQa7vvsD",2023-03-30T17:01:07Z,2023-04-13T16:13:48Z
MXWLDHTxCqDDBaQoA,startFromPosttest_sessid3,"LCPL67GcDLnC7kpX4,gegSoYkW2EMiMDGqk,zAoBH7r4FvddSqPJc,PhWBYRyqGv7hpZbKm,xSDGsfwZGL2KiST2E,q6PsQnjCZKQa7vvsD",2023-03-30T17:01:07Z,2023-04-13T16:13:49Z
nEoscizxG5cvnyD69,startFromPosttest_sessid4,"LCPL67GcDLnC7kpX4,gegSoYkW2EMiMDGqk,zAoBH7r4FvddSqPJc,PhWBYRyqGv7hpZbKm,Hnh4QcSTar73rpD5p,q6PsQnjCZKQa7vvsD",2023-03-30T17:01:07Z,2023-04-13T16:13:49Z
Me8hRczeCSmkEBynW,startFromFinalExposure_sessid1,"LCPL67GcDLnC7kpX4,gegSoYkW2EMiMDGqk,zAoBH7r4FvddSqPJc,PhWBYRyqGv7hpZbKm,SgQu4ZKB8wBKxc8rr,rFEEZvpbCHPTK5yhs",2023-03-30T17:01:07Z,2023-04-13T16:13:49Z
KCgzQgSMX5LuNmZKC,startFromFinalExposure_sessid2,"LCPL67GcDLnC7kpX4,gegSoYkW2EMiMDGqk,zAoBH7r4FvddSqPJc,PhWBYRyqGv7hpZbKm,3wAha2KRzPGrBAhYk,rFEEZvpbCHPTK5yhs",2023-03-30T17:01:07Z,2023-04-13T16:13:49Z
MFL4fmf4qbic4CXtp,startFromFinalExposure_sessid3,"LCPL67GcDLnC7kpX4,gegSoYkW2EMiMDGqk,zAoBH7r4FvddSqPJc,PhWBYRyqGv7hpZbKm,xSDGsfwZGL2KiST2E,rFEEZvpbCHPTK5yhs",2023-03-30T17:01:07Z,2023-04-13T16:13:50Z
cSNYY6osTT5rbb9M9,startFromFinalExposure_sessid4,"LCPL67GcDLnC7kpX4,gegSoYkW2EMiMDGqk,zAoBH7r4FvddSqPJc,PhWBYRyqGv7hpZbKm,Hnh4QcSTar73rpD5p,rFEEZvpbCHPTK5yhs",2023-03-30T17:01:07Z,2023-04-13T16:13:50Z
hAnnGv3Radt4ioRyq,sessid5,"LCPL67GcDLnC7kpX4,gegSoYkW2EMiMDGqk,HyohiHYN2wHgcuahF,PhWBYRyqGv7hpZbKm,oZ8iNBYZnrY5WThKv,5NXf5RJgeqcY6Lfqt",2023-04-13T16:15:29Z,2023-05-17T11:56:50Z
nHWQWw7oBNsouDWTi,startFromBlock3_sessid4,"LCPL67GcDLnC7kpX4,gegSoYkW2EMiMDGqk,HyohiHYN2wHgcuahF,PhWBYRyqGv7hpZbKm,Hnh4QcSTar73rpD5p,8f9j3a7kGpsEbzXti",2023-04-15T20:43:08Z,2023-04-15T22:20:22Z
5aEasoXTRWFG2Lugc,startFromBlock4_sessid4,"LCPL67GcDLnC7kpX4,gegSoYkW2EMiMDGqk,HyohiHYN2wHgcuahF,PhWBYRyqGv7hpZbKm,Hnh4QcSTar73rpD5p,DcXTte9mF84LMHsXt",2023-04-15T21:07:23Z,2023-04-15T22:20:23Z
w6KMhhccZfTK2eDCJ,sessid6,"LCPL67GcDLnC7kpX4,gegSoYkW2EMiMDGqk,HyohiHYN2wHgcuahF,PhWBYRyqGv7hpZbKm,whtWAE2jx8mYyvzoQ,5NXf5RJgeqcY6Lfqt",2023-04-15T22:20:18Z,2023-05-17T11:56:50Z
dSfpMpMaL9NQTK82h,sessid7,"LCPL67GcDLnC7kpX4,gegSoYkW2EMiMDGqk,HyohiHYN2wHgcuahF,PhWBYRyqGv7hpZbKm,d4XKWpthXrnqGPyNF,5NXf5RJgeqcY6Lfqt",2023-04-15T22:20:32Z,2023-05-17T11:56:50Z
xc5Ad9ZTHf74FoBiG,sessid8,"LhT8etJBKvkxCd8Sf,LCPL67GcDLnC7kpX4,gegSoYkW2EMiMDGqk,PhWBYRyqGv7hpZbKm,HyohiHYN2wHgcuahF,5NXf5RJgeqcY6Lfqt",2023-04-15T22:21:16Z,2023-05-17T11:56:51Z
bMeXXtQDRArEDu5Bu,sessid9,"GpD7vc8cKPYsHZ3wg,LCPL67GcDLnC7kpX4,gegSoYkW2EMiMDGqk,HyohiHYN2wHgcuahF,PhWBYRyqGv7hpZbKm,5NXf5RJgeqcY6Lfqt",2023-04-21T21:33:52Z,2023-05-17T11:56:52Z
qr7mRExta5LLPtjgF,sessid10,"LCPL67GcDLnC7kpX4,gegSoYkW2EMiMDGqk,HyohiHYN2wHgcuahF,PhWBYRyqGv7hpZbKm,qQ6is5fP5d9FBqgax,5NXf5RJgeqcY6Lfqt",2023-04-24T17:41:02Z,2023-05-17T11:56:53Z
CwHeocNw8DuFcerR3,sessid11,"LCPL67GcDLnC7kpX4,gegSoYkW2EMiMDGqk,HyohiHYN2wHgcuahF,PhWBYRyqGv7hpZbKm,SgQu4ZKB8wBKxc8rr,5NXf5RJgeqcY6Lfqt",2023-04-25T14:15:23Z,
xt3hD7h4tffPencnN,sessid12,"LCPL67GcDLnC7kpX4,gegSoYkW2EMiMDGqk,HyohiHYN2wHgcuahF,PhWBYRyqGv7hpZbKm,3wAha2KRzPGrBAhYk,5NXf5RJgeqcY6Lfqt",2023-05-16T19:35:09Z,
SuawNShwhXrYm8ifg,sessid13,"LCPL67GcDLnC7kpX4,gegSoYkW2EMiMDGqk,HyohiHYN2wHgcuahF,PhWBYRyqGv7hpZbKm,xSDGsfwZGL2KiST2E,5NXf5RJgeqcY6Lfqt",2023-05-17T11:57:12Z,
4zaYe3vppAa5EC57L,sessid14,"LCPL67GcDLnC7kpX4,gegSoYkW2EMiMDGqk,HyohiHYN2wHgcuahF,PhWBYRyqGv7hpZbKm,Hnh4QcSTar73rpD5p,5NXf5RJgeqcY6Lfqt",2023-05-17T11:57:27Z,
WHjCSpsCQksb5MbMQ,sessid15,"LCPL67GcDLnC7kpX4,gegSoYkW2EMiMDGqk,HyohiHYN2wHgcuahF,PhWBYRyqGv7hpZbKm,oZ8iNBYZnrY5WThKv,5NXf5RJgeqcY6Lfqt",2023-05-17T11:57:44Z,
hvGsKHQ49gG8ZKQvB,sessid16,"LCPL67GcDLnC7kpX4,gegSoYkW2EMiMDGqk,HyohiHYN2wHgcuahF,PhWBYRyqGv7hpZbKm,whtWAE2jx8mYyvzoQ,5NXf5RJgeqcY6Lfqt",2023-05-17T11:57:58Z,
oAgqQKw9LtRYpu4rL,sessid17,"LCPL67GcDLnC7kpX4,gegSoYkW2EMiMDGqk,HyohiHYN2wHgcuahF,PhWBYRyqGv7hpZbKm,d4XKWpthXrnqGPyNF,5NXf5RJgeqcY6Lfqt",2023-05-17T11:58:11Z,
nzKgfrbSKFnHEY5v6,sessid18,"LCPL67GcDLnC7kpX4,gegSoYkW2EMiMDGqk,HyohiHYN2wHgcuahF,PhWBYRyqGv7hpZbKm,LhT8etJBKvkxCd8Sf,5NXf5RJgeqcY6Lfqt",2023-05-17T11:58:24Z,
4eCcGCv7kKez4Mgko,sessid19,"LCPL67GcDLnC7kpX4,gegSoYkW2EMiMDGqk,HyohiHYN2wHgcuahF,PhWBYRyqGv7hpZbKm,GpD7vc8cKPYsHZ3wg,5NXf5RJgeqcY6Lfqt",2023-05-17T11:58:42Z,
agQWgZrvcwCWgJWax,sessid20,"LCPL67GcDLnC7kpX4,gegSoYkW2EMiMDGqk,HyohiHYN2wHgcuahF,PhWBYRyqGv7hpZbKm,qQ6is5fP5d9FBqgax,5NXf5RJgeqcY6Lfqt",2023-05-17T11:58:55Z,
NjbYMfuRvSTncDeJZ,sessid21,"LCPL67GcDLnC7kpX4,gegSoYkW2EMiMDGqk,HyohiHYN2wHgcuahF,PhWBYRyqGv7hpZbKm,SgQu4ZKB8wBKxc8rr,5NXf5RJgeqcY6Lfqt",2023-05-17T11:59:05Z,
zicHshzA59upC9zkK,sessid22,"LCPL67GcDLnC7kpX4,gegSoYkW2EMiMDGqk,HyohiHYN2wHgcuahF,PhWBYRyqGv7hpZbKm,3wAha2KRzPGrBAhYk,5NXf5RJgeqcY6Lfqt",2023-05-17T11:59:17Z,
9gyZSfetAy2Se62wg,sessid23,"LCPL67GcDLnC7kpX4,gegSoYkW2EMiMDGqk,HyohiHYN2wHgcuahF,PhWBYRyqGv7hpZbKm,xSDGsfwZGL2KiST2E,5NXf5RJgeqcY6Lfqt",2023-05-17T11:59:29Z,
3uf75iqzwhvhGQf7r,sessid24,"LCPL67GcDLnC7kpX4,gegSoYkW2EMiMDGqk,HyohiHYN2wHgcuahF,PhWBYRyqGv7hpZbKm,Hnh4QcSTar73rpD5p,5NXf5RJgeqcY6Lfqt",2023-05-17T11:59:41Z,
djJM58tDcvH6dEJNP,sessid25,"LCPL67GcDLnC7kpX4,gegSoYkW2EMiMDGqk,HyohiHYN2wHgcuahF,PhWBYRyqGv7hpZbKm,oZ8iNBYZnrY5WThKv,5NXf5RJgeqcY6Lfqt",2023-05-17T11:59:52Z,
ZDuDb2GdLYudnYYCg,sessid21_restart,"LCPL67GcDLnC7kpX4,gegSoYkW2EMiMDGqk,HyohiHYN2wHgcuahF,PhWBYRyqGv7hpZbKm,SgQu4ZKB8wBKxc8rr,rFEEZvpbCHPTK5yhs",2023-05-26T19:20:43Z,
